{
  "name": "aglebemu",
  "creatureType": "amphibian",
  "groups": [
    "monster"
  ],
  "entityClass": "com.lycanitesmobs.core.entity.creature.EntityAglebemu",
  "modelClass": "com.lycanitesmobs.client.model.creature.ModelAglebemu",
  "loadDefault": true,
  "enabled": true,
  "spawning": {
    "enabled": true,
    "spawners": [
      "land",
      "water"
    ],
    "disableSubspecies": false,
    "dimensionIds": [
      "minecraft:the_nether",
      "minecraft:the_end"
    ],
    "dimensionListType": "blacklist",
    "ignoreBiome": false,
    "biomeTags": [
      "swamp",
      "spooky"
    ],
    "spawnWeight": 8,
    "dungeonWeight": 200,
    "spawnAreaLimit": 5,
    "spawnGroupMin": 1,
    "spawnGroupMax": 3,
    "spawnsInLight": false,
    "spawnsInDark": true,
    "worldDayMin": -1,
    "despawnNatural": true,
    "despawnForced": false
  },
  "width": 0.9,
  "height": 0.9,
  "experience": 10,
  "health": 10,
  "defense": 1,
  "armor": 0,
  "speed": 28,
  "damage": 2,
  "attackSpeed": 0.5,
  "rangedSpeed": 1,
  "effectDuration": 10,
  "effectAmplifier": 1,
  "pierce": 1,
  "sight": 24,
  "knockbackResistance": 0,
  "bagSize": 5,
  "eggBackColor": "#047f0a",
  "eggForeColor": "#c3a85b",
  "subspecies": [
    {
      "index": 0,
      "variants": [
        {
          "index": 1,
          "name": "scarlet",
          "type": "uncommon"
        },
        {
          "index": 2,
          "name": "azure",
          "type": "uncommon"
        }
      ]
    }
  ],
  "element": "poison",
  "diets": [
    "carnivore",
    "piscivore",
    "insectivore",
    "venevore"
  ],
  "peaceful": false,
  "summonable": true,
  "tameable": false,
  "mountable": false,
  "perchable": true,
  "summonCost": 2,
  "dungeonLevel": 1,
  "drops": [
    {
      "item": "minecraft:slime_ball",
      "minAmount": 1,
      "maxAmount": 3,
      "chance": 0.5
    },
    {
      "item": "lycanitesmobs:poisongland",
      "minAmount": 1,
      "maxAmount": 2,
      "chance": 1
    }
  ],
  "sizeScale": 1,
  "hitboxScale": 1
}