{
  "name": "crusk",
  "creatureType": "worm",
  "groups": [
    "predator"
  ],
  "entityClass": "com.lycanitesmobs.core.entity.creature.EntityCrusk",
  "modelClass": "com.lycanitesmobs.client.model.creature.ModelCrusk",
  "loadDefault": true,
  "enabled": true,
  "spawning": {
    "enabled": true,
    "spawners": [
      "land"
    ],
    "disableSubspecies": false,
    "dimensionIds": [
      "minecraft:the_nether",
      "minecraft:the_end"
    ],
    "dimensionListType": "blacklist",
    "ignoreBiome": false,
    "biomeTags": [
      "sandy",
      "wasteland",
      "mesa",
      "-cold",
      "-snowy"
    ],
    "spawnWeight": 2,
    "dungeonWeight": 200,
    "spawnAreaLimit": 3,
    "spawnGroupMin": 1,
    "spawnGroupMax": 1,
    "spawnsInLight": false,
    "spawnsInDark": true,
    "worldDayMin": -1,
    "despawnNatural": true,
    "despawnForced": false
  },
  "width": 5.8,
  "height": 1.8,
  "experience": 10,
  "health": 40,
  "defense": 3,
  "armor": 0,
  "speed": 24,
  "damage": 4,
  "attackSpeed": 0.5,
  "rangedSpeed": 1,
  "effectDuration": 3,
  "effectAmplifier": 0,
  "pierce": 1,
  "sight": 24,
  "knockbackResistance": 1,
  "bagSize": 15,
  "tamingReputation": 500,
  "packSize": 1,
  "eggBackColor": "#FFDDAA",
  "eggForeColor": "#000000",
  "subspecies": [
    {
      "index": 0,
      "variants": [
        {
          "index": 1,
          "name": "golden",
          "type": "uncommon"
        },
        {
          "index": 2,
          "name": "lux",
          "type": "uncommon"
        }
      ]
    }
  ],
  "element": "earth",
  "diets": [
    "carnivore",
    "insectivore"
  ],
  "peaceful": false,
  "summonable": false,
  "tameable": true,
  "mountable": false,
  "summonCost": 8,
  "dungeonLevel": 1,
  "drops": [
    {
      "item": "minecraft:flint",
      "minAmount": 1,
      "maxAmount": 3,
      "chance": 0.5
    },
    {
      "item": "minecraft:iron_ore",
      "minAmount": 2,
      "maxAmount": 3,
      "chance": 0.5
    },
    {
      "item": "minecraft:gold_ore",
      "minAmount": 1,
      "maxAmount": 2,
      "chance": 0.25
    },
    {
      "item": "minecraft:clay_ball",
      "minAmount": 6,
      "maxAmount": 12,
      "chance": 1
    }
  ],
  "sizeScale": 1,
  "hitboxScale": 1
}