{
  "name": "ettin",
  "creatureType": "anthronian",
  "groups": [
    "raider"
  ],
  "entityClass": "com.lycanitesmobs.core.entity.creature.EntityEttin",
  "modelClass": "com.lycanitesmobs.client.model.creature.ModelEttin",
  "loadDefault": true,
  "enabled": true,
  "spawning": {
    "enabled": true,
    "spawners": [
      "land"
    ],
    "disableSubspecies": false,
    "dimensionIds": [
      "minecraft:the_nether",
      "minecraft:the_end"
    ],
    "dimensionListType": "blacklist",
    "ignoreBiome": false,
    "biomeTags": [
      "swamp",
      "spooky"
    ],
    "spawnWeight": 4,
    "dungeonWeight": 200,
    "spawnAreaLimit": 5,
    "spawnGroupMin": 1,
    "spawnGroupMax": 3,
    "spawnsInLight": false,
    "spawnsInDark": true,
    "worldDayMin": -1,
    "despawnNatural": true,
    "despawnForced": false
  },
  "width": 1.5,
  "height": 3.2,
  "experience": 5,
  "health": 30,
  "defense": 2,
  "armor": 0,
  "speed": 20,
  "damage": 6,
  "attackSpeed": 0.5,
  "rangedSpeed": 1,
  "effectDuration": 5,
  "effectAmplifier": 0,
  "pierce": 1,
  "sight": 24,
  "knockbackResistance": 0,
  "bagSize": 5,
  "eggBackColor": "#669900",
  "eggForeColor": "#FF6600",
  "subspecies": [
    {
      "index": 0,
      "variants": [
        {
          "index": 1,
          "name": "scarlet",
          "type": "uncommon"
        },
        {
          "index": 2,
          "name": "verdant",
          "type": "uncommon"
        }
      ]
    }
  ],
  "element": "quake",
  "diets": [
    "carnivore",
    "piscivore",
    "insectivore",
    "herbivore",
    "frugivore",
    "fungivore"
  ],
  "peaceful": false,
  "summonable": false,
  "tameable": false,
  "mountable": false,
  "summonCost": 2,
  "dungeonLevel": 2,
  "drops": [
    {
      "item": "minecraft:log",
      "minAmount": 2,
      "maxAmount": 6,
      "chance": 1
    },
    {
      "item": "minecraft:brown_mushroom",
      "minAmount": 1,
      "maxAmount": 2,
      "chance": 1
    },
    {
      "item": "minecraft:red_mushroom",
      "minAmount": 1,
      "maxAmount": 2,
      "chance": 1
    },
    {
      "item": "minecraft:leather",
      "minAmount": 2,
      "maxAmount": 6,
      "chance": 1
    },
    {
      "item": "minecraft:coal",
      "minAmount": 2,
      "maxAmount": 8,
      "chance": 1
    }
  ],
  "sizeScale": 1,
  "hitboxScale": 1,
  "flags": [
    {
      "name": "griefing",
      "value": true
    }
  ]
}