{
  "name": "gnekk",
  "creatureType": "imp",
  "groups": [
    "monster"
  ],
  "entityClass": "com.lycanitesmobs.core.entity.creature.EntityGnekk",
  "modelClass": "com.lycanitesmobs.client.model.creature.ModelGnekk",
  "loadDefault": true,
  "enabled": true,
  "spawning": {
    "enabled": true,
    "spawners": [
      "underground"
    ],
    "disableSubspecies": false,
    "dimensionIds": [
      "minecraft:the_nether"
    ],
    "dimensionListType": "blacklist",
    "ignoreBiome": true,
    "biomeTags": [],
    "spawnWeight": 8,
    "dungeonWeight": 200,
    "spawnAreaLimit": 2,
    "spawnGroupMin": 1,
    "spawnGroupMax": 3,
    "spawnsInLight": false,
    "spawnsInDark": true,
    "worldDayMin": -1,
    "despawnNatural": true,
    "despawnForced": false
  },
  "width": 0.8,
  "height": 0.9,
  "experience": 5,
  "health": 15,
  "defense": 0,
  "armor": 0,
  "speed": 32,
  "damage": 1,
  "attackSpeed": 2,
  "rangedSpeed": 0.25,
  "effectDuration": 5,
  "effectAmplifier": 0,
  "pierce": 1,
  "sight": 24,
  "knockbackResistance": 0,
  "bagSize": 5,
  "tamingReputation": 250,
  "eggBackColor": "#292321",
  "eggForeColor": "#8F0183",
  "subspecies": [
    {
      "index": 0,
      "variants": [
        {
          "index": 1,
          "name": "keppel",
          "type": "uncommon"
        },
        {
          "index": 2,
          "name": "violet",
          "type": "uncommon"
        }
      ]
    }
  ],
  "elements": [
    "poison"
  ],
  "diets": [
    "carnivore",
    "piscivore",
    "insectivore"
  ],
  "peaceful": false,
  "summonable": false,
  "tameable": true,
  "mountable": false,
  "perchable": true,
  "summonCost": 2,
  "dungeonLevel": 1,
  "drops": [
    {
      "item": "minecraft:slime_ball",
      "minAmount": 1,
      "maxAmount": 3,
      "chance": 1
    },
    {
      "item": "lycanitesmobs:poisongland",
      "minAmount": 1,
      "maxAmount": 2,
      "chance": 1
    }
  ],
  "sizeScale": 1,
  "hitboxScale": 1
}